address_full,number,street,city,state,zip,longitude,latitude,statefp,countyfp,tractce,blkgrpce
"2716 WEBSTER ST BERKELEY, CA 94705 ",2716,WEBSTER ST,BERKELEY,CA,94705,-122.252115,37.85555,06,001,423800,3
"2618 COLLEGE AV BERKELEY, CA 94704 ",2618,COLLEGE AV,BERKELEY,CA,94704,-122.254002,37.862896,06,001,423602,3
"2051 SAN PABLO AVE BERKELEY, CA 94702 ",2051,SAN PABLO AVE,BERKELEY,CA,94702,-122.29153,37.868426,06,001,423100,1
"1820 WARD ST BERKELEY, CA 94703 ",1820,WARD ST,BERKELEY,CA,94703,-122.272445,37.858489,06,001,423400,3
"2014 SEVENTH ST BERKELEY, CA 94710 ",2014,SEVENTH ST,BERKELEY,CA,94710,-122.296774,37.867673,06,001,423200,1
"1721 FRANCISCO ST BERKELEY, CA 94703 ",1721,FRANCISCO ST,BERKELEY,CA,94703,-122.276916,37.874959,06,001,422300,2
"2140 WARD ST BERKELEY, CA 94705 ",2140,WARD ST,BERKELEY,CA,94705,-122.265142,37.859404,06,001,423500,2
"1326 DERBY ST BERKELEY, CA 94702 ",1326,DERBY ST,BERKELEY,CA,94702,-122.283433,37.858021,06,001,423300,2
"624 SAN MIGUEL AV BERKELEY, CA 94707 ",624,SAN MIGUEL AV,BERKELEY,CA,94707,-122.282877,37.896298,06,001,421300,1
"1614 ALCATRAZ AVE BERKELEY, CA 94703 ",1614,ALCATRAZ AVE,BERKELEY,CA,94703,-122.274956,37.847986,06,001,424001,4
"2526 DURANT AV BERKELEY, CA 94704 ",2526,DURANT AV,BERKELEY,CA,94704,-122.257717,37.8677,06,001,422800,1
"761 SPRUCE ST BERKELEY, CA 94707 ",761,SPRUCE ST,BERKELEY,CA,94707,-122.26893,37.896062,06,001,421100,2
"2149 BLAKE ST BERKELEY, CA 94704 ",2149,BLAKE ST,BERKELEY,CA,94704,-122.26525,37.86354,06,001,423500,1
"1369 ADA ST BERKELEY, CA 94702 ",1369,ADA ST,BERKELEY,CA,94702,-122.286201,37.878792,06,001,421900,2
"1541 OXFORD ST BERKELEY, CA 94709 ",1541,OXFORD ST,BERKELEY,CA,94709,-122.266586,37.879287,06,001,421700,3
"1036 PARK HILLS RD BERKELEY, CA 94708 ",1036,PARK HILLS RD,BERKELEY,CA,94708,-122.255314,37.894207,06,001,421500,1
"3117 COLLEGE AVE BERKELEY, CA 94705 ",3117,COLLEGE AVE,BERKELEY,CA,94705,-122.252353,37.853232,06,001,423800,3
"150 MONTROSE RD BERKELEY, CA 94707 ",150,MONTROSE RD,BERKELEY,CA,94707,-122.27013,37.895631,06,001,421200,2
"2005 BANCROFT WY BERKELEY, CA 94704 ",2005,BANCROFT WY,BERKELEY,CA,94704,-122.269428,37.867825,06,001,422902,3
"2087 DELAWARE ST BERKELEY, CA 94709 ",2087,DELAWARE ST,BERKELEY,CA,94709,-122.26908,37.874937,06,001,422400,3
"2421 GRANT ST BERKELEY, CA 94703 ",2421,GRANT ST,BERKELEY,CA,94703,-122.274154,37.864073,06,001,423000,2
"1635 CARLETON ST BERKELEY, CA 94703 ",1635,CARLETON ST,BERKELEY,CA,94703,-122.276611,37.860338,06,001,423400,2
"1059 EASTSHORE HW ALBANY, CA 94706 ",1059,EASTSHORE HW,ALBANY,CA,94706,-122.308027,37.88443,06,001,420402,1
"1320 JOSEPHINE ST BERKELEY, CA 94703 ",1320,JOSEPHINE ST,BERKELEY,CA,94703,-122.275674,37.882149,06,001,421800,1
"1304 KAINS AVE BERKELEY, CA 94702 ",1304,KAINS AVE,BERKELEY,CA,94702,-122.295049,37.880334,06,001,421900,4
"2420 ASHBY AVE BERKELEY, CA 94705 ",2420,ASHBY AVE,BERKELEY,CA,94705,-122.258636,37.855981,06,001,423902,2
"1620 ALCATRAZ AV BERKELEY, CA 94703 ",1620,ALCATRAZ AV,BERKELEY,CA,94703,-122.274558,37.848036,06,001,424001,4
"1900 WALNUT ST BERKELEY, CA 94704 ",1900,WALNUT ST,BERKELEY,CA,94704,-122.267159,37.872622,06,001,422400,1
"1901 DWIGHT WY BERKELEY, CA 94704 ",1901,DWIGHT WY,BERKELEY,CA,94704,-122.271753,37.863573,06,001,422902,1
"2633 DANA ST BERKELEY, CA 94704 ",2633,DANA ST,BERKELEY,CA,94704,-122.259824,37.861864,06,001,423602,3
"3006 STANTON ST BERKELEY, CA 94702 ",3006,STANTON ST,BERKELEY,CA,94702,-122.279822,37.852947,06,001,424002,1
"1235 WALNUT ST BERKELEY, CA 94709 ",1235,WALNUT ST,BERKELEY,CA,94709,-122.268364,37.8847,06,001,421700,1
"1514 WALNUT ST BERKELEY, CA 94709 ",1514,WALNUT ST,BERKELEY,CA,94709,-122.268446,37.879693,06,001,421700,3
"2441 DURANT AV BERKELEY, CA 94704 ",2441,DURANT AV,BERKELEY,CA,94704,-122.259309,37.868049,06,001,422800,2
"2943 MAGNOLIA ST BERKELEY, CA 94705 ",2943,MAGNOLIA ST,BERKELEY,CA,94705,-122.248795,37.857052,06,001,423800,3
"1315 EIGHTH ST BERKELEY, CA 94710 ",1315,EIGHTH ST,BERKELEY,CA,94710,-122.298692,37.879257,06,001,422000,2
"1432 SPRUCE ST BERKELEY, CA 94709 ",1432,SPRUCE ST,BERKELEY,CA,94709,-122.266242,37.881036,06,001,421700,2
"1624 JAYNES ST BERKELEY, CA 94703 ",1624,JAYNES ST,BERKELEY,CA,94703,-122.279335,37.877797,06,001,421800,2
"2029 CHANNING WY BERKELEY, CA 94704 ",2029,CHANNING WY,BERKELEY,CA,94704,-122.268559,37.865913,06,001,422901,2
"535 PIERCE ST ALBANY, CA 94706 ",535,PIERCE ST,ALBANY,CA,94706,-122.307699,37.896909,06,001,420301,1
"1601 DELAWARE ST BERKELEY, CA 94703 ",1601,DELAWARE ST,BERKELEY,CA,94703,-122.279928,37.87357,06,001,422300,2
"2917 AVALON AV BERKELEY, CA 94705 ",2917,AVALON AV,BERKELEY,CA,94705,-122.248247,37.859999,06,001,423700,2
"1615 STANNAGE AV BERKELEY, CA 94702 ",1615,STANNAGE AV,BERKELEY,CA,94702,-122.291866,37.874871,06,001,422200,1
"2340 WARD ST BERKELEY, CA 94705 ",2340,WARD ST,BERKELEY,CA,94705,-122.260363,37.86002,06,001,423601,1
"2833 CLAREMONT BL BERKELEY, CA 94705 ",2833,CLAREMONT BL,BERKELEY,CA,94705,-122.24505,37.859598,06,001,423700,2
"2340 PARKER ST BERKELEY, CA 94704 ",2340,PARKER ST,BERKELEY,CA,94704,-122.260916,37.862704,06,001,423602,3
"800 DELAWARE ST BERKELEY, CA 94710 ",800,DELAWARE ST,BERKELEY,CA,94710,-122.299281,37.870384,06,001,422000,2
"712 FOLGER AV BERKELEY, CA 94710 ",712,FOLGER AV,BERKELEY,CA,94710,-122.293991,37.849115,06,001,422000,1
"2129 SIXTH ST BERKELEY, CA 94710 ",2129,SIXTH ST,BERKELEY,CA,94710,-122.296542,37.865612,06,001,423200,1
"555 PIERCE ST ALBANY, CA 94706 ",555,PIERCE ST,ALBANY,CA,94706,-122.306396,37.894252,06,001,420301,1
"3015 SAN PABLO AV BERKELEY, CA 94702 ",3015,SAN PABLO AV,BERKELEY,CA,94702,-122.286092,37.851809,06,001,424002,1
"0 CONTRA COSTA AVE BERKELEY, CA 94707 ",0,CONTRA COSTA AVE,BERKELEY,CA,94707,-122.275914,37.891219,06,001,421200,2
"735 GOODING WY ALBANY, CA 94706 ",735,GOODING WY,ALBANY,CA,94706,-122.301287,37.884331,06,001,420401,2
"2462 BANCROFT WY BERKELEY, CA 94704 ",2462,BANCROFT WY,BERKELEY,CA,94704,-122.260003,37.868328,06,001,422800,2
"1638 STUART ST BERKELEY, CA 94703 ",1638,STUART ST,BERKELEY,CA,94703,-122.275803,37.857135,06,001,423400,3
"841 SAN CARLOS AV ALBANY, CA 94706 ",841,SAN CARLOS AV,ALBANY,CA,94706,-122.289064,37.891431,06,001,420100,3
"2033 HASTE ST BERKELEY, CA 94704 ",2033,HASTE ST,BERKELEY,CA,94704,-122.268669,37.864996,06,001,422901,2
"2840 CALIFORNIA ST BERKELEY, CA 94703 ",2840,CALIFORNIA ST,BERKELEY,CA,94703,-122.277555,37.855698,06,001,423400,4
"2870 ADELINE ST BERKELEY, CA 94703 ",2870,ADELINE ST,BERKELEY,CA,94703,-122.268747,37.856923,06,001,423500,3
"1436 NEILSON ST BERKELEY, CA 94702 ",1436,NEILSON ST,BERKELEY,CA,94702,-122.290704,37.877921,06,001,421900,3
"712 MADISON ST ALBANY, CA 94706 ",712,MADISON ST,ALBANY,CA,94706,-122.302072,37.89326,06,001,420302,1
"2124 NINTH ST BERKELEY, CA 94710 ",2124,NINTH ST,BERKELEY,CA,94710,-122.294046,37.866361,06,001,423200,1
"3201 ADELINE ST BERKELEY, CA 94703 ",3201,ADELINE ST,BERKELEY,CA,94703,-122.270202,37.850589,06,001,423901,1
"1009 MILLER AV BERKELEY, CA 94708 ",1009,MILLER AV,BERKELEY,CA,94708,-122.260216,37.894465,06,001,421500,1
"813 SAN DIEGO RD BERKELEY, CA 94707 ",813,SAN DIEGO RD,BERKELEY,CA,94707,-122.271385,37.894278,06,001,421200,2
"2614 WARRING ST BERKELEY, CA 94704 ",2614,WARRING ST,BERKELEY,CA,94704,-122.250571,37.863453,06,001,423700,1
"1522 WOOLSEY ST BERKELEY, CA 94703 ",1522,WOOLSEY ST,BERKELEY,CA,94703,-122.277542,37.850446,06,001,424001,3
"27 PANORAMIC WAY BERKELEY, CA 94704 ",27,PANORAMIC WAY,BERKELEY,CA,94704,-122.248944,37.868522,06,001,422700,1
"1234 JOSEPHINE ST BERKELEY, CA 94703 ",1234,JOSEPHINE ST,BERKELEY,CA,94703,-122.275826,37.883469,06,001,421800,1
"1517 SUMMIT RD BERKELEY, CA 94708 ",1517,SUMMIT RD,BERKELEY,CA,94708,-122.247445,37.882032,06,001,421600,1
"111 TAMALPAIS RD BERKELEY, CA 94708 ",111,TAMALPAIS RD,BERKELEY,CA,94708,-122.26001,37.885461,06,001,421500,3
"2533 RIDGE RD BERKELEY, CA 94709 ",2533,RIDGE RD,BERKELEY,CA,94709,-122.258899,37.876428,06,001,422500,3
"2330 WARRING ST BERKELEY, CA 94704 ",2330,WARRING ST,BERKELEY,CA,94704,-122.250893,37.868154,06,001,422700,3
"1635 BERKELEY WAY BERKELEY, CA 94703 ",1635,BERKELEY WAY,BERKELEY,CA,94703,-122.278339,37.872029,06,001,422300,3
"2219 JEFFERSON AV BERKELEY, CA 94703 ",2219,JEFFERSON AV,BERKELEY,CA,94703,-122.277915,37.867379,06,001,423000,3
"1841 SPRUCE ST BERKELEY, CA 94709 ",1841,SPRUCE ST,BERKELEY,CA,94709,-122.265193,37.874801,06,001,422500,3
"1076 PARK HILLS RD BERKELEY, CA 94708 ",1076,PARK HILLS RD,BERKELEY,CA,94708,-122.254497,37.892324,06,001,421500,1
"1334 WALNUT ST BERKELEY, CA 94709 ",1334,WALNUT ST,BERKELEY,CA,94709,-122.268811,37.882631,06,001,421700,1
"701 CRESTON RD BERKELEY, CA 94708 ",701,CRESTON RD,BERKELEY,CA,94708,-122.264123,37.900288,06,001,421100,1
"1529 RUSSELL ST BERKELEY, CA 94703 ",1529,RUSSELL ST,BERKELEY,CA,94703,-122.278136,37.855425,06,001,423400,4
"1247 BRIGHTON AV ALBANY, CA 94706 ",1247,BRIGHTON AV,ALBANY,CA,94706,-122.296129,37.897931,06,001,420200,1
"1242 BURNETT ST BERKELEY, CA 94702 ",1242,BURNETT ST,BERKELEY,CA,94702,-122.284902,37.853153,06,001,423300,3
"1932 HASTE ST BERKELEY, CA 94704 ",1932,HASTE ST,BERKELEY,CA,94704,-122.270598,37.864193,06,001,422902,1
"69 NORTH GATE AV BERKELEY, CA 94708 ",69,NORTH GATE AV,BERKELEY,CA,94708,-122.255993,37.885754,06,001,421600,2
"2161 ALLSTON WY BERKELEY, CA 94704 ",2161,ALLSTON WY,BERKELEY,CA,94704,-122.266427,37.869847,06,001,422902,2
"2313 EIGHTH ST BERKELEY, CA 94710 ",2313,EIGHTH ST,BERKELEY,CA,94710,-122.293567,37.863447,06,001,423200,2
"2501 DANA ST BERKELEY, CA 94704 ",2501,DANA ST,BERKELEY,CA,94704,-122.260393,37.864649,06,001,423602,1
"2727 ALCATRAZ AV BERKELEY, CA 94705 ",2727,ALCATRAZ AV,BERKELEY,CA,94705,-122.251254,37.851834,06,001,423800,3
"1012 CRESTON RD BERKELEY, CA 94708 ",1012,CRESTON RD,BERKELEY,CA,94708,-122.259179,37.894844,06,001,421500,1
"2501 TENTH ST BERKELEY, CA 94710 ",2501,TENTH ST,BERKELEY,CA,94710,-122.290375,37.860647,06,001,422000,1
"510 THE ALAMEDA BERKELEY, CA 94707 ",510,THE ALAMEDA,BERKELEY,CA,94707,-122.280388,37.9004,06,001,421200,4
"2950 LINDEN AV BERKELEY, CA 94705 ",2950,LINDEN AV,BERKELEY,CA,94705,-122.249856,37.856815,06,001,423800,3
"2118 CHANNING WY BERKELEY, CA 94704 ",2118,CHANNING WY,BERKELEY,CA,94704,-122.266439,37.865655,06,001,422901,1
"910 CHANNING WY BERKELEY, CA 94710 ",910,CHANNING WY,BERKELEY,CA,94710,-122.293991,37.861862,06,001,423200,2
"2416 DOWLING PL BERKELEY, CA 94705 ",2416,DOWLING PL,BERKELEY,CA,94705,-122.259024,37.854331,06,001,423902,2
"2851 SHASTA RD BERKELEY, CA 94708 ",2851,SHASTA RD,BERKELEY,CA,94708,-122.25457,37.887896,06,001,421500,2
"1962 YOSEMITE RD BERKELEY, CA 94707 ",1962,YOSEMITE RD,BERKELEY,CA,94707,-122.276562,37.895749,06,001,421200,3
"1225 ASHBY AV BERKELEY, CA 94702 ",1225,ASHBY AV,BERKELEY,CA,94702,-122.285844,37.852592,06,001,423300,3
"2126 CALIFORNIA ST BERKELEY, CA 94703 ",2126,CALIFORNIA ST,BERKELEY,CA,94703,-122.27991,37.868646,06,001,423000,1
"2230 DURANT AV BERKELEY, CA 94704 ",2230,DURANT AV,BERKELEY,CA,94704,-122.264343,37.866822,06,001,422800,3
"2924 CLAREMONT AV BERKELEY, CA 94705 ",2924,CLAREMONT AV,BERKELEY,CA,94705,-122.245423,37.858256,06,001,423700,2
"2530 PIEDMONT AV BERKELEY, CA 94704 ",2530,PIEDMONT AV,BERKELEY,CA,94704,-122.251829,37.864573,06,001,423700,3
"753 KEELER AV BERKELEY, CA 94708 ",753,KEELER AV,BERKELEY,CA,94708,-122.263942,37.898209,06,001,421100,1
"1917 FAIRVIEW ST BERKELEY, CA 94703 ",1917,FAIRVIEW ST,BERKELEY,CA,94703,-122.269629,37.85117,06,001,423901,1
"2407 DANA ST BERKELEY, CA 94704 ",2407,DANA ST,BERKELEY,CA,94704,-122.260528,37.866228,06,001,422800,2
"2739 DERBY ST BERKELEY, CA 94705 ",2739,DERBY ST,BERKELEY,CA,94705,-122.251763,37.862436,06,001,423700,3
"3004 DOHR ST BERKELEY, CA 94702 ",3004,DOHR ST,BERKELEY,CA,94702,-122.28067,37.852957,06,001,424002,1
"1243 ASHBY AVE BERKELEY, CA 94702 ",1243,ASHBY AVE,BERKELEY,CA,94702,-122.284794,37.852806,06,001,423300,3
"2116 ROOSEVELT AV BERKELEY, CA 94703 ",2116,ROOSEVELT AV,BERKELEY,CA,94703,-122.276538,37.869435,06,001,423000,1
"1522 DWIGHT WY BERKELEY, CA 94703 ",1522,DWIGHT WY,BERKELEY,CA,94703,-122.280178,37.862042,06,001,423400,1
"717 EUCLID AVE BERKELEY, CA 94708 ",717,EUCLID AVE,BERKELEY,CA,94708,-122.266588,37.898071,06,001,421100,2
"1628 STUART ST BERKELEY, CA 94703 ",1628,STUART ST,BERKELEY,CA,94703,-122.276218,37.857145,06,001,423400,3
"2412 VALLEY ST BERKELEY, CA 94702 ",2412,VALLEY ST,BERKELEY,CA,94702,-122.284321,37.863144,06,001,423100,4
"1231 BANCROFT WAY BERKELEY, CA 94702 ",1231,BANCROFT WAY,BERKELEY,CA,94702,-122.287181,37.865306,06,001,423100,2
"1405 ARCH ST BERKELEY, CA 94708 ",1405,ARCH ST,BERKELEY,CA,94708,-122.264573,37.882471,06,001,421600,3
"2627 CALIFORNIA ST BERKELEY, CA 94703 ",2627,CALIFORNIA ST,BERKELEY,CA,94703,-122.277844,37.859687,06,001,423400,2
"1606 MARTIN LUTHER KING JR WY BERKELEY, CA 94709 ",1606,MARTIN LUTHER KING JR WY,BERKELEY,CA,94709,-122.273948,37.877493,06,001,422300,1
"2151 N VALLEY ST BERKELEY, CA 94702 ",2151,N VALLEY ST,BERKELEY,CA,94702,-122.284659,37.867977,06,001,423100,1
"1399 DELAWARE ST BERKELEY, CA 94702 ",1399,DELAWARE ST,BERKELEY,CA,94702,-122.284882,37.872898,06,001,422200,1
"1492 GRIZZLY PEAK BL BERKELEY, CA 94708 ",1492,GRIZZLY PEAK BL,BERKELEY,CA,94708,-122.248385,37.882042,06,001,421600,1
"1626 BONITA AV BERKELEY, CA 94709 ",1626,BONITA AV,BERKELEY,CA,94709,-122.272759,37.876905,06,001,422400,3
"2091 CALIFORNIA ST BERKELEY, CA 94703 ",2091,CALIFORNIA ST,BERKELEY,CA,94703,-122.279407,37.869962,06,001,423000,1
"1437 BANCROFT WAY BERKELEY, CA 94702 ",1437,BANCROFT WAY,BERKELEY,CA,94702,-122.281967,37.865968,06,001,423100,2
"0 GILMAN ST BERKELEY, CA 94710 ",0,GILMAN ST,BERKELEY,CA,94710,-122.31341,37.873495,06,001,422000,1
"1337 ASHBY AV BERKELEY, CA 94702 ",1337,ASHBY AV,BERKELEY,CA,94702,-122.282105,37.853362,06,001,423300,3
"1945 BERKELEY WY BERKELEY, CA 94704 ",1945,BERKELEY WY,BERKELEY,CA,94704,-122.271277,37.872899,06,001,422400,2
"2521 CHANNING WY BERKELEY, CA 94704 ",2521,CHANNING WY,BERKELEY,CA,94704,-122.257458,37.867355,06,001,422800,1
"1002 VENTURA AV ALBANY, CA 94706 ",1002,VENTURA AV,ALBANY,CA,94706,-122.283966,37.886524,06,001,420600,1
"2560 NINTH ST BERKELEY, CA 94710 ",2560,NINTH ST,BERKELEY,CA,94710,-122.291818,37.859444,06,001,422000,1
"1287 CAMPUS DR BERKELEY, CA 94708 ",1287,CAMPUS DR,BERKELEY,CA,94708,-122.254336,37.885874,06,001,421600,2
"1080 JONES ST BERKELEY, CA 94710 ",1080,JONES ST,BERKELEY,CA,94710,-122.294811,37.876049,06,001,422100,1
"2001 ALLSTON WY BERKELEY, CA 94704 ",2001,ALLSTON WY,BERKELEY,CA,94704,-122.269974,37.869343,06,001,422902,3
"1320 ADDISON ST BERKELEY, CA 94702 ",1320,ADDISON ST,BERKELEY,CA,94702,-122.284626,37.86834,06,001,423100,1
"1792 SHATTUCK AV BERKELEY, CA 94709 ",1792,SHATTUCK AV,BERKELEY,CA,94709,-122.268997,37.875008,06,001,422400,3
"2840 WEBSTER ST BERKELEY, CA 94705 ",2840,WEBSTER ST,BERKELEY,CA,94705,-122.24859,37.855761,06,001,423800,3
"1030 EVELYN AV ALBANY, CA 94706 ",1030,EVELYN AV,ALBANY,CA,94706,-122.293434,37.88638,06,001,420500,2
"923 EUCLID AVE BERKELEY, CA 94708 ",923,EUCLID AVE,BERKELEY,CA,94708,-122.263389,37.894392,06,001,421500,2
"632 THE ALAMEDA BERKELEY, CA 94707 ",632,THE ALAMEDA,BERKELEY,CA,94707,-122.281407,37.89626,06,001,421300,1
"1413 FAIRVIEW ST BERKELEY, CA 94702 ",1413,FAIRVIEW ST,BERKELEY,CA,94702,-122.279462,37.849625,06,001,424002,2
"2350 SPAULDING AV BERKELEY, CA 94703 ",2350,SPAULDING AV,BERKELEY,CA,94703,-122.280578,37.864242,06,001,423000,3
"406 BOYNTON AV BERKELEY, CA 94707 ",406,BOYNTON AV,BERKELEY,CA,94707,-122.277203,37.902802,06,001,421200,4
"2427 DURANT AV BERKELEY, CA 94704 ",2427,DURANT AV,BERKELEY,CA,94704,-122.260142,37.867951,06,001,422800,2
"2201 VIRGINIA ST BERKELEY, CA 94709 ",2201,VIRGINIA ST,BERKELEY,CA,94709,-122.26635,37.877078,06,001,422400,4
"2477 VIRGINIA ST BERKELEY, CA 94709 ",2477,VIRGINIA ST,BERKELEY,CA,94709,-122.261356,37.877959,06,001,422500,1
"1080 JONES ST BERKELEY, CA 94710 ",1080,JONES ST,BERKELEY,CA,94710,-122.295305,37.876057,06,001,422100,1
"1209 OXFORD ST BERKELEY, CA 94709 ",1209,OXFORD ST,BERKELEY,CA,94709,-122.267331,37.885616,06,001,421700,1
"718 CONTRA COSTA AV BERKELEY, CA 94707 ",718,CONTRA COSTA AV,BERKELEY,CA,94707,-122.277382,37.896219,06,001,421200,3
"910 COLUSA AVE BERKELEY, CA 94707 ",910,COLUSA AVE,BERKELEY,CA,94707,-122.279496,37.890875,06,001,421300,4
"2117 DELAWARE ST BERKELEY, CA 94709 ",2117,DELAWARE ST,BERKELEY,CA,94709,-122.268154,37.875133,06,001,422400,4
"1464 OLYMPUS AVE BERKELEY, CA 94708 ",1464,OLYMPUS AVE,BERKELEY,CA,94708,-122.251747,37.882684,06,001,421600,2
"1834 FOURTH ST BERKELEY, CA 94710 ",1834,FOURTH ST,BERKELEY,CA,94710,-122.300593,37.869266,06,001,422000,2
"817 JACKSON ST ALBANY, CA 94706 ",817,JACKSON ST,ALBANY,CA,94706,-122.30186,37.891171,06,001,420302,1
"84 MENLO PL BERKELEY, CA 94707 ",84,MENLO PL,BERKELEY,CA,94707,-122.281997,37.898564,06,001,421300,1
"581 ARLINGTON AVE BERKELEY, CA 94707 ",581,ARLINGTON AVE,BERKELEY,CA,94707,-122.277404,37.899749,06,001,421200,4
"2511 VIRGINIA ST BERKELEY, CA 94709 ",2511,VIRGINIA ST,BERKELEY,CA,94709,-122.260273,37.878065,06,001,422500,1
"1531 MILVIA ST BERKELEY, CA 94709 ",1531,MILVIA ST,BERKELEY,CA,94709,-122.271182,37.878898,06,001,421700,3
"2306 SACRAMENTO ST BERKELEY, CA 94702 ",2306,SACRAMENTO ST,BERKELEY,CA,94702,-122.281829,37.865352,06,001,423100,3
"1308 ADDISON ST BERKELEY, CA 94702 ",1308,ADDISON ST,BERKELEY,CA,94702,-122.285875,37.868643,06,001,423100,1
"1632 SEVENTH ST BERKELEY, CA 94710 ",1632,SEVENTH ST,BERKELEY,CA,94710,-122.298671,37.873545,06,001,422100,2
"2762 DOHR ST BERKELEY, CA 94702 ",2762,DOHR ST,BERKELEY,CA,94702,-122.281634,37.856292,06,001,423300,2
"1052 CURTIS ST ALBANY, CA 94706 ",1052,CURTIS ST,ALBANY,CA,94706,-122.288685,37.88575,06,001,420600,2
"2423 MCGEE AVE BERKELEY, CA 94703 ",2423,MCGEE AVE,BERKELEY,CA,94703,-122.276399,37.863773,06,001,423000,2
"1535 OREGON ST BERKELEY, CA 94703 ",1535,OREGON ST,BERKELEY,CA,94703,-122.278341,37.856459,06,001,423400,3
"914 DELAWARE ST BERKELEY, CA 94710 ",914,DELAWARE ST,BERKELEY,CA,94710,-122.296519,37.870714,06,001,422100,2
"2206 DWIGHT WY BERKELEY, CA 94704 ",2206,DWIGHT WY,BERKELEY,CA,94704,-122.264674,37.864039,06,001,423602,1
"1939 SAN ANTONIO AV BERKELEY, CA 94707 ",1939,SAN ANTONIO AV,BERKELEY,CA,94707,-122.275658,37.899448,06,001,421200,4
"1080 JONES ST BERKELEY, CA 94710 ",1080,JONES ST,BERKELEY,CA,94710,-122.294753,37.87601,06,001,422100,1
"1849 CEDAR ST BERKELEY, CA 94703 ",1849,CEDAR ST,BERKELEY,CA,94703,-122.2739,37.877999,06,001,421800,1
"902 HILLDALE AVE BERKELEY, CA 94708 ",902,HILLDALE AVE,BERKELEY,CA,94708,-122.263473,37.895567,06,001,421500,2
"2901 ACTON ST BERKELEY, CA 94702 ",2901,ACTON ST,BERKELEY,CA,94702,-122.281379,37.854433,06,001,423300,2
"2960 COLLEGE AVE BERKELEY, CA 94705 ",2960,COLLEGE AVE,BERKELEY,CA,94705,-122.253307,37.856827,06,001,423902,1
"1645 STUART ST BERKELEY, CA 94703 ",1645,STUART ST,BERKELEY,CA,94703,-122.275633,37.857648,06,001,423400,3
"1721 DELAWARE ST BERKELEY, CA 94703 ",1721,DELAWARE ST,BERKELEY,CA,94703,-122.276873,37.874005,06,001,422300,2
"1739 ADDISON ST BERKELEY, CA 94703 ",1739,ADDISON ST,BERKELEY,CA,94703,-122.275714,37.870541,06,001,423000,1
"1111 CORNELL AV ALBANY, CA 94706 ",1111,CORNELL AV,ALBANY,CA,94706,-122.29398,37.883891,06,001,420500,2
"1439 JOSEPHINE ST BERKELEY, CA 94703 ",1439,JOSEPHINE ST,BERKELEY,CA,94703,-122.274796,37.87993,06,001,421800,1
"1553 MARIN AV ALBANY, CA 94706 ",1553,MARIN AV,ALBANY,CA,94706,-122.284761,37.889715,06,001,420600,1
"2700 LE CONTE AVE BERKELEY, CA 94709 ",2700,LE CONTE AVE,BERKELEY,CA,94709,-122.256821,37.877132,06,001,422500,2
"2505 VIRGINIA ST BERKELEY, CA 94709 ",2505,VIRGINIA ST,BERKELEY,CA,94709,-122.260469,37.877968,06,001,422500,1
"701 GRIZZLY PEAK BLVD BERKELEY, CA 94708 ",701,GRIZZLY PEAK BLVD,BERKELEY,CA,94708,-122.264814,37.899468,06,001,421100,1
"1566 SOLANO AV ALBANY, CA 94706 ",1566,SOLANO AV,ALBANY,CA,94706,-122.284765,37.890911,06,001,420600,1
"2907 ELLSWORTH ST BERKELEY, CA 94705 ",2907,ELLSWORTH ST,BERKELEY,CA,94705,-122.261252,37.857081,06,001,423601,2
"2752 MABEL ST BERKELEY, CA 94702 ",2752,MABEL ST,BERKELEY,CA,94702,-122.285245,37.856122,06,001,423300,3
"2116 ALLSTON WY BERKELEY, CA 94704 ",2116,ALLSTON WY,BERKELEY,CA,94704,-122.267032,37.869252,06,001,422902,2
"64 OAK RIDGE RD BERKELEY, CA 94705 ",64,OAK RIDGE RD,BERKELEY,CA,94705,-122.2416,37.855814,06,001,423800,1
"2431 ELLSWORTH ST BERKELEY, CA 94704 ",2431,ELLSWORTH ST,BERKELEY,CA,94704,-122.26274,37.865071,06,001,422800,4
"1731 PORTLAND AVE BERKELEY, CA 94707 ",1731,PORTLAND AVE,BERKELEY,CA,94707,-122.283637,37.894769,06,001,421300,2
"1803 BONITA AVE BERKELEY, CA 94709 ",1803,BONITA AVE,BERKELEY,CA,94709,-122.271842,37.87402,06,001,422400,2
"1409 DERBY ST BERKELEY, CA 94702 ",1409,DERBY ST,BERKELEY,CA,94702,-122.28207,37.858712,06,001,423300,2
"2211 BROWNING ST BERKELEY, CA 94702 ",2211,BROWNING ST,BERKELEY,CA,94702,-122.287541,37.866342,06,001,423100,2
"1411 GRANT ST BERKELEY, CA 94703 ",1411,GRANT ST,BERKELEY,CA,94703,-122.276034,37.880739,06,001,421800,1
"570 GRIZZLY PEAK BL BERKELEY, CA 94708 ",570,GRIZZLY PEAK BL,BERKELEY,CA,94708,-122.267038,37.901438,06,001,421100,2
"2627 HILLEGASS AV BERKELEY, CA 94704 ",2627,HILLEGASS AV,BERKELEY,CA,94704,-122.255834,37.862387,06,001,423602,3
"1027 EUCLID AVE BERKELEY, CA 94708 ",1027,EUCLID AVE,BERKELEY,CA,94708,-122.264152,37.891161,06,001,421500,2
"1739 LINCOLN ST BERKELEY, CA 94703 ",1739,LINCOLN ST,BERKELEY,CA,94703,-122.276451,37.876908,06,001,422300,1
"3100 COLLEGE AV BERKELEY, CA 94705 ",3100,COLLEGE AV,BERKELEY,CA,94705,-122.252974,37.853647,06,001,423800,3
"2221 DERBY ST BERKELEY, CA 94705 ",2221,DERBY ST,BERKELEY,CA,94705,-122.263427,37.861078,06,001,423602,3
"1207 CARLETON ST BERKELEY, CA 94702 ",1207,CARLETON ST,BERKELEY,CA,94702,-122.286341,37.85909,06,001,423300,1
"2080 ADDISON ST BERKELEY, CA 94704 ",2080,ADDISON ST,BERKELEY,CA,94704,-122.268571,37.870867,06,001,422902,3
"2516 SAN PABLO AV BERKELEY, CA 94702 ",2516,SAN PABLO AV,BERKELEY,CA,94702,-122.289745,37.860381,06,001,422000,1